current_time,weather,temp,humidity
2025-08-11 06:49:01,Clouds,28.76,74
2025-08-11 07:43:38,Clouds,29.1,63
2025-08-11 07:56:20,Clouds,29.76,66
2025-08-11 08:57:55,Clouds,29.76,66
2025-08-11 09:50:17,Clouds,27.76,74
2025-08-11 10:50:38,Clouds,27.76,78
2025-08-11 11:32:25,Clouds,26.76,83
2025-08-11 11:49:34,Clouds,26.76,83
2025-08-11 13:51:35,Clear,24.76,88
2025-08-11 14:50:13,Clear,24.76,88
2025-08-11 15:43:02,Clear,23.76,100
2025-08-11 15:59:26,Clear,23.76,100
2025-08-11 16:56:38,Clouds,22.76,100
2025-08-11 17:46:46,Mist,22.76,100
2025-08-11 17:59:22,Mist,22.76,100
2025-08-11 18:58:32,Mist,22.76,100
2025-08-11 19:32:07,Mist,20.76,100
2025-08-11 19:47:08,Mist,20.76,100
2025-08-11 20:00:04,Mist,20.76,100
2025-08-11 20:40:24,Mist,20.76,100
2025-08-11 20:54:26,Mist,20.76,100
2025-08-11 21:31:50,Mist,20.76,100
2025-08-11 21:46:18,Mist,20.76,100
2025-08-11 21:58:50,Mist,20.76,100
2025-08-11 22:42:39,Mist,23.76,100
2025-08-11 22:55:28,Mist,23.76,100
2025-08-11 23:34:00,Mist,26.76,78
2025-08-11 23:47:47,Mist,26.76,78
2025-08-12 03:38:23,Clear,31.76,48
2025-08-12 04:47:56,Clouds,32.76,43
2025-08-12 05:40:10,Clouds,32.76,46
2025-08-12 05:52:53,Clouds,32.76,46
2025-08-12 06:56:12,Clouds,33.76,43
2025-08-12 07:38:28,Clear,34.76,34
2025-08-12 07:51:34,Clear,34.76,34
2025-08-12 08:54:08,Clear,33.76,40
2025-08-12 09:42:15,Clear,31.76,45
2025-08-12 09:55:28,Clear,31.76,45
2025-08-12 10:48:34,Clear,30.76,55
2025-08-12 11:30:18,Clear,28.76,61
2025-08-12 11:46:18,Clear,28.76,61
2025-08-12 11:58:56,Clear,28.76,61
2025-08-12 13:47:45,Clear,26.76,74
2025-08-12 14:00:16,Clear,26.76,74
2025-08-12 14:49:06,Clear,25.76,78
2025-08-12 15:41:20,Clear,25.76,83
2025-08-12 15:58:06,Clear,25.76,83
2025-08-12 16:54:57,Clouds,26.76,78
2025-08-12 17:41:40,Clouds,23.76,100
2025-08-12 17:55:01,Clouds,23.76,100
2025-08-12 18:56:06,Clouds,24.76,100
2025-08-12 19:29:26,Clouds,24.76,100
2025-08-12 19:43:47,Rain,24.76,100
2025-08-12 19:57:05,Rain,24.76,100
2025-08-12 20:42:47,Thunderstorm,23.76,100
2025-08-12 20:56:13,Thunderstorm,23.76,100
2025-08-12 21:36:33,Rain,23.76,100
2025-08-12 21:49:38,Rain,23.76,100
2025-08-12 22:39:44,Rain,23.76,100
2025-08-12 22:52:59,Rain,23.76,100
2025-08-12 23:33:05,Rain,24.76,100
2025-08-12 23:48:10,Rain,24.76,100
2025-08-13 03:41:04,Clouds,23.76,100
2025-08-13 04:53:29,Rain,27.76,100
2025-08-13 05:44:50,Rain,27.76,100
2025-08-13 05:57:30,Rain,27.76,100
2025-08-13 06:58:03,Clouds,26.76,100
2025-08-13 07:39:40,Rain,26.76,100
2025-08-13 07:52:39,Rain,26.76,100
2025-08-13 08:55:58,Rain,26.76,100
2025-08-13 09:44:54,Rain,25.76,100
2025-08-13 09:57:45,Rain,25.76,100
2025-08-13 10:49:03,Rain,23.76,100
2025-08-13 11:30:49,Rain,24.76,100
2025-08-13 11:47:26,Rain,24.76,100
2025-08-13 12:00:25,Rain,24.76,100
2025-08-13 13:49:45,Rain,23.76,100
2025-08-13 14:45:49,Clouds,24.76,100
2025-08-13 14:58:17,Clouds,24.76,100
2025-08-13 15:34:48,Clouds,24.76,100
2025-08-13 15:47:25,Clouds,24.76,100
2025-08-13 15:59:59,Clouds,24.76,100
2025-08-13 16:47:25,Clouds,24.76,100
2025-08-13 17:00:17,Clouds,24.76,100
2025-08-13 17:34:46,Rain,24.76,100
2025-08-13 17:47:41,Clouds,24.76,100
2025-08-13 18:53:28,Rain,23.76,100
2025-08-13 19:29:21,Rain,23.76,100
2025-08-13 19:43:51,Rain,23.76,100
2025-08-13 19:56:49,Rain,23.76,100
2025-08-13 20:40:45,Rain,23.76,100
2025-08-13 20:55:06,Rain,23.76,100
2025-08-13 21:33:32,Rain,23.76,100
2025-08-13 21:48:08,Rain,23.76,100
2025-08-13 22:37:14,Rain,23.76,100
2025-08-13 22:50:36,Rain,23.76,100
2025-08-13 23:33:40,Rain,24.76,94
2025-08-13 23:48:55,Rain,24.76,94
2025-08-14 03:42:02,Clouds,26.76,100
2025-08-14 04:52:54,Clouds,26.76,100
2025-08-14 05:43:22,Clouds,25.76,100
2025-08-14 05:56:19,Clouds,25.76,100
2025-08-14 06:58:32,Clouds,26.76,100
2025-08-14 07:38:59,Clouds,27.76,94
2025-08-14 07:52:04,Clouds,27.76,94
2025-08-14 08:55:32,Clouds,26.76,94
2025-08-14 09:45:35,Clouds,26.76,94
2025-08-14 09:58:32,Clouds,26.76,94
2025-08-14 10:49:56,Clouds,25.76,100
2025-08-14 11:31:40,Clouds,24.76,100
2025-08-14 11:47:42,Clouds,24.76,100
2025-08-14 13:47:36,Clouds,24.76,100
2025-08-14 14:00:38,Clouds,24.76,100
2025-08-14 14:48:45,Clouds,24.76,100
2025-08-14 15:40:58,Clouds,24.76,100
2025-08-14 15:57:53,Clouds,24.76,100
2025-08-14 16:52:07,Clouds,24.76,100
2025-08-14 17:40:07,Clouds,23.76,100
2025-08-14 17:53:02,Clouds,23.76,100
2025-08-14 18:55:43,Clouds,23.76,100
2025-08-14 19:26:49,Clouds,23.76,100
2025-08-14 19:40:22,Clouds,23.76,100
2025-08-14 19:53:28,Clouds,23.76,100
2025-08-14 20:40:53,Clouds,22.76,100
2025-08-14 20:55:53,Clouds,22.76,100
2025-08-14 21:35:24,Clouds,23.76,100
2025-08-14 21:48:30,Clouds,23.76,100
2025-08-14 22:39:36,Clouds,24.76,100
2025-08-14 22:53:40,Clouds,24.76,100
2025-08-14 23:33:04,Clouds,26.76,100
2025-08-14 23:48:15,Clouds,26.76,100
2025-08-15 03:43:36,Clouds,25.76,94
2025-08-15 04:53:12,Clouds,25.76,100
2025-08-15 05:43:35,Clouds,28.76,84
2025-08-15 05:56:20,Clouds,28.76,84
2025-08-15 06:56:59,Clouds,29.76,84
2025-08-15 07:35:58,Clouds,30.76,79
2025-08-15 07:48:57,Clouds,30.76,79
2025-08-15 08:50:39,Clouds,30.76,79
2025-08-15 09:38:41,Clouds,29.76,79
2025-08-15 09:51:34,Clouds,29.76,79
2025-08-15 10:44:35,Clouds,27.76,100
2025-08-15 10:57:04,Clouds,27.76,100
2025-08-15 11:30:30,Clouds,26.76,100
2025-08-15 11:45:05,Clouds,26.76,100
2025-08-15 11:57:38,Clouds,26.76,100
2025-08-15 13:41:44,Clouds,25.76,100
2025-08-15 13:55:33,Clouds,25.76,100
2025-08-15 14:43:34,Clouds,25.76,100
2025-08-15 14:56:38,Clouds,25.76,100
2025-08-15 15:40:13,Clouds,24.76,100
2025-08-15 15:53:59,Clouds,24.76,100
2025-08-15 16:50:41,Clouds,24.76,100
2025-08-15 17:38:30,Clouds,24.76,100
2025-08-15 17:50:49,Clouds,24.76,100
2025-08-15 18:55:09,Clouds,24.76,100
2025-08-15 19:27:39,Clouds,24.91,97
2025-08-15 19:42:48,Clouds,24.76,100
2025-08-15 19:55:32,Clouds,24.76,100
2025-08-15 20:40:17,Clouds,24.76,100
2025-08-15 20:54:33,Clouds,24.76,100
2025-08-15 21:30:58,Clouds,24.76,100
2025-08-15 21:44:50,Clouds,24.76,100
2025-08-15 21:57:33,Clouds,24.76,100
2025-08-15 22:43:00,Clouds,25.76,100
2025-08-15 22:55:48,Clouds,25.76,100
2025-08-15 23:33:33,Clouds,27.76,100
2025-08-15 23:49:00,Clouds,27.76,100
2025-08-16 03:35:24,Clouds,30.76,70
2025-08-16 04:42:59,Clouds,31.76,66
2025-08-16 04:56:58,Clouds,31.76,66
2025-08-16 05:40:24,Clouds,31.76,62
2025-08-16 05:53:02,Clouds,31.76,62
2025-08-16 06:52:13,Clouds,31.76,62
2025-08-16 07:30:10,Clouds,31.76,66
2025-08-16 07:43:31,Clouds,31.76,66
2025-08-16 07:56:13,Clouds,31.76,66
2025-08-16 08:48:20,Clouds,30.76,70
2025-08-16 09:32:19,Clouds,29.76,74
2025-08-16 09:45:31,Clouds,29.76,74
2025-08-16 09:58:33,Clouds,29.76,74
2025-08-16 10:40:32,Clouds,28.76,89
2025-08-16 10:53:40,Clouds,28.76,89
2025-08-16 11:26:59,Clouds,26.76,94
2025-08-16 11:41:59,Clouds,26.76,94
2025-08-16 11:54:57,Clouds,26.76,94
2025-08-16 13:33:04,Clouds,26.76,100
2025-08-16 13:48:19,Clouds,26.76,100
2025-08-16 14:34:43,Clouds,25.76,100
2025-08-16 14:48:21,Clouds,25.76,100
2025-08-16 15:32:08,Clouds,24.76,100
2025-08-16 15:46:43,Clouds,24.76,100
2025-08-16 15:59:34,Clouds,24.76,100
2025-08-16 16:46:45,Clouds,25.76,100
2025-08-16 16:59:43,Clouds,25.76,100
2025-08-16 17:33:42,Clouds,25.76,100
2025-08-16 17:46:40,Clouds,25.76,100
2025-08-16 17:59:17,Clouds,25.76,100
2025-08-16 18:50:29,Clouds,24.76,100
2025-08-16 19:25:10,Clouds,24.76,100
2025-08-16 19:40:23,Clouds,24.76,100
2025-08-16 19:53:15,Clouds,24.76,100
2025-08-16 20:35:32,Clouds,24.76,100
2025-08-16 20:49:50,Clouds,24.76,100
2025-08-16 21:29:50,Clouds,24.76,100
2025-08-16 21:43:51,Clouds,24.76,100
2025-08-16 21:56:41,Clouds,24.76,100
2025-08-16 22:39:03,Clouds,25.76,100
2025-08-16 22:51:35,Clouds,25.76,100
2025-08-16 23:30:31,Clouds,26.76,100
2025-08-16 23:45:19,Clouds,26.76,100
2025-08-16 23:58:03,Clouds,26.76,100
2025-08-17 03:47:52,Clouds,30.76,70
2025-08-17 04:54:50,Clouds,30.76,62
2025-08-17 05:41:08,Clouds,31.76,62
2025-08-17 05:54:00,Clouds,31.76,62
2025-08-17 06:54:12,Clouds,29.76,74
2025-08-17 07:31:27,Clouds,30.76,66
2025-08-17 07:43:57,Clouds,30.76,66
2025-08-17 07:56:46,Clouds,30.76,66
2025-08-17 08:48:27,Clouds,29.76,70
2025-08-17 09:32:06,Clouds,29.76,70
2025-08-17 09:46:31,Clouds,29.76,70
2025-08-17 09:59:22,Clouds,29.76,70
2025-08-17 10:42:18,Clouds,28.76,84
2025-08-17 10:55:11,Clouds,28.76,84
2025-08-17 11:27:58,Clouds,27.76,94
2025-08-17 11:42:40,Clouds,27.76,94
2025-08-17 11:55:19,Clouds,27.76,94
2025-08-17 13:35:50,Clouds,26.76,100
2025-08-17 13:51:04,Clouds,26.76,100
2025-08-17 14:38:22,Clouds,26.76,100
2025-08-17 14:51:07,Clouds,26.76,100
2025-08-17 15:34:11,Clouds,26.76,100
2025-08-17 15:48:08,Clouds,26.76,100
2025-08-17 16:44:34,Clouds,26.76,100
2025-08-17 16:57:07,Clouds,26.76,100
2025-08-17 17:37:03,Rain,26.76,100
2025-08-17 17:49:59,Clouds,26.76,100
2025-08-17 18:50:26,Clouds,26.76,100
2025-08-17 19:25:37,Clouds,26.76,100
2025-08-17 19:41:28,Rain,26.76,100
2025-08-17 19:54:15,Rain,26.76,100
2025-08-17 20:39:03,Rain,26.76,100
2025-08-17 20:52:42,Rain,26.76,100
2025-08-17 21:31:42,Clouds,26.76,100
2025-08-17 21:45:35,Clouds,26.76,100
2025-08-17 21:58:18,Clouds,26.76,100
2025-08-17 22:41:52,Clouds,26.76,100
2025-08-17 22:54:53,Clouds,26.76,100
2025-08-17 23:34:29,Clouds,26.76,100
2025-08-17 23:49:16,Clouds,26.76,100
2025-08-18 03:53:56,Clouds,30.76,70
2025-08-18 05:01:24,Clouds,30.76,70
2025-08-18 05:49:35,Clouds,31.76,62
2025-08-18 06:58:42,Clouds,32.76,58
2025-08-18 07:42:32,Clouds,31.76,62
2025-08-18 07:55:28,Clouds,31.76,62
2025-08-18 08:56:32,Clouds,29.76,70
2025-08-18 09:48:40,Clouds,29.76,79
2025-08-18 10:49:07,Rain,27.76,94
2025-08-18 11:31:09,Rain,27.76,100
2025-08-18 11:47:23,Rain,27.76,100
2025-08-18 12:00:12,Rain,27.76,100
2025-08-18 13:49:36,Rain,26.76,100
2025-08-18 14:48:00,Clouds,26.76,100
2025-08-18 15:41:16,Clouds,26.76,100
2025-08-18 15:57:20,Clouds,26.76,100
2025-08-18 16:55:43,Clouds,26.76,100
2025-08-18 17:42:26,Clouds,26.76,100
2025-08-18 17:55:12,Clouds,26.76,100
2025-08-18 18:57:21,Clouds,26.76,100
2025-08-18 19:30:54,Clouds,26.76,100
2025-08-18 19:45:16,Clouds,26.76,100
2025-08-18 19:57:53,Clouds,26.76,100
2025-08-18 20:38:07,Clouds,26.76,100
2025-08-18 20:51:49,Clouds,26.76,100
2025-08-18 21:30:51,Clouds,25.76,100
2025-08-18 21:44:06,Clouds,25.76,100
2025-08-18 21:57:01,Clouds,25.76,100
2025-08-18 22:37:22,Clouds,26.76,100
2025-08-18 22:50:19,Clouds,26.76,100
2025-08-18 23:30:53,Clouds,27.76,100
2025-08-18 23:45:10,Clouds,27.76,100
2025-08-18 23:58:03,Clouds,27.76,100
2025-08-19 03:33:02,Clouds,31.76,70
2025-08-19 04:00:13,Clouds,31.76,70
2025-08-19 04:45:16,Clouds,30.76,74
2025-08-19 04:58:18,Clouds,30.76,74
2025-08-19 05:40:02,Clouds,31.76,66
2025-08-19 05:52:44,Clouds,31.76,66
2025-08-19 06:53:29,Clouds,29.76,79
2025-08-19 07:32:06,Clouds,29.76,79
2025-08-19 07:45:08,Clouds,29.76,79
2025-08-19 07:57:58,Clouds,29.76,79
2025-08-19 08:52:36,Clouds,30.76,74
2025-08-19 09:37:54,Clouds,29.76,79
2025-08-19 09:51:22,Clouds,29.76,79
2025-08-19 10:43:09,Clouds,28.76,89
2025-08-19 10:55:39,Clouds,28.76,89
2025-08-19 11:29:07,Clouds,27.76,89
2025-08-19 11:43:50,Clouds,27.76,89
2025-08-19 11:56:34,Clouds,27.76,89
2025-08-19 13:38:56,Clouds,27.76,100
2025-08-19 13:54:42,Clouds,27.76,100
2025-08-19 14:43:28,Clouds,26.76,100
2025-08-19 14:56:36,Clouds,26.76,100
2025-08-19 15:39:46,Clouds,26.76,100
2025-08-19 15:53:10,Clouds,26.76,100
2025-08-19 16:49:23,Clouds,26.76,100
2025-08-19 17:34:49,Clouds,26.76,100
2025-08-19 17:48:14,Clouds,26.76,100
2025-08-19 18:49:09,Clouds,26.76,100
2025-08-19 19:25:21,Clouds,25.76,100
2025-08-19 19:40:57,Clouds,25.76,100
2025-08-19 19:53:59,Clouds,25.76,100
2025-08-19 20:33:53,Clouds,25.76,100
2025-08-19 20:49:31,Clouds,25.76,100
2025-08-19 21:30:10,Clouds,25.76,100
2025-08-19 21:43:32,Clouds,25.76,100
2025-08-19 21:56:12,Clouds,25.76,100
2025-08-19 22:38:18,Clouds,27.76,100
2025-08-19 22:51:16,Clouds,27.76,100
2025-08-19 23:30:39,Clouds,27.76,100
2025-08-19 23:44:51,Clouds,27.76,100
2025-08-19 23:57:48,Clouds,27.76,100
2025-08-20 03:33:56,Clouds,31.76,66
2025-08-20 03:59:58,Clouds,31.76,66
2025-08-20 04:46:27,Clouds,31.76,66
2025-08-20 04:58:44,Clouds,31.76,66
2025-08-20 05:41:36,Clouds,31.76,62
2025-08-20 05:53:12,Clouds,31.76,62
2025-08-20 06:55:53,Clouds,31.76,62
2025-08-20 07:34:19,Clouds,30.76,70
2025-08-20 07:47:12,Clouds,30.76,70
2025-08-20 07:59:42,Clouds,30.76,70
2025-08-20 08:48:46,Clouds,29.76,79
2025-08-20 09:38:02,Clouds,28.76,84
2025-08-20 09:51:29,Clouds,28.76,84
2025-08-20 10:42:52,Clouds,28.76,89
2025-08-20 10:54:53,Clouds,28.76,89
2025-08-20 11:29:30,Clouds,27.76,94
2025-08-20 11:44:14,Clouds,27.76,94
2025-08-20 11:56:51,Clouds,27.76,94
2025-08-20 13:42:55,Clouds,27.76,100
2025-08-20 13:56:11,Clouds,27.76,100
2025-08-20 14:44:34,Clouds,27.76,100
2025-08-20 14:56:44,Clouds,27.76,100
2025-08-20 15:41:27,Clouds,27.76,100
2025-08-20 15:53:46,Clouds,27.76,100
2025-08-20 16:48:15,Clouds,26.76,100
2025-08-20 17:33:14,Clouds,26.76,100
2025-08-20 17:47:01,Clouds,26.76,100
2025-08-20 17:59:51,Clouds,26.76,100
2025-08-20 18:55:47,Clouds,26.76,100
2025-08-20 19:27:10,Clouds,25.76,100
2025-08-20 19:41:58,Clouds,25.76,100
2025-08-20 19:54:33,Clouds,25.76,100
2025-08-20 20:40:25,Clouds,25.76,100
2025-08-20 20:52:59,Clouds,25.76,100
2025-08-20 21:31:45,Clouds,26.76,100
2025-08-20 21:44:47,Clouds,26.76,100
2025-08-20 21:57:42,Clouds,26.76,100
2025-08-20 22:37:28,Clouds,27.76,100
2025-08-20 22:50:24,Clouds,27.76,100
2025-08-20 23:29:46,Clouds,27.87,92
2025-08-20 23:44:00,Clouds,28.76,94
2025-08-20 23:57:05,Clouds,28.76,94
2025-08-21 03:32:52,Clouds,31.76,62
2025-08-21 03:59:39,Clouds,31.76,62
2025-08-21 04:45:40,Clouds,33.76,55
2025-08-21 04:58:00,Clouds,33.76,55
2025-08-21 05:41:30,Clouds,32.76,58
2025-08-21 05:53:55,Clouds,32.76,58
2025-08-21 07:02:53,Clouds,32.76,52
2025-08-21 07:37:37,Clouds,31.76,70
2025-08-21 07:50:26,Clouds,31.76,70
2025-08-21 08:48:15,Clouds,31.76,66
2025-08-21 09:36:59,Clear,29.76,74
2025-08-21 09:50:11,Clear,29.76,74
2025-08-21 10:42:10,Clear,28.76,84
2025-08-21 10:54:58,Clear,28.76,84
2025-08-21 11:29:30,Clear,27.76,89
2025-08-21 11:43:36,Clear,27.76,89
2025-08-21 11:56:20,Clear,27.76,89
2025-08-21 13:41:39,Clear,26.76,100
2025-08-21 13:54:31,Clear,26.76,100
2025-08-21 14:43:38,Clear,25.76,100
2025-08-21 14:55:58,Clear,25.76,100
2025-08-21 17:52:21,Clear,24.76,100
2025-08-21 18:00:09,Clear,24.76,100
2025-08-21 18:51:51,Clear,24.76,100
2025-08-21 19:25:29,Clouds,25.79,92
2025-08-21 19:40:51,Clear,24.76,100
2025-08-21 19:53:58,Clear,24.76,100
2025-08-21 20:38:17,Clouds,24.76,100
2025-08-21 20:51:42,Clouds,24.76,100
2025-08-21 21:30:27,Clouds,24.76,100
2025-08-21 21:43:54,Clouds,24.76,100
2025-08-21 21:56:33,Clouds,24.76,100
2025-08-21 22:38:47,Clouds,26.76,100
2025-08-21 22:51:57,Clouds,26.76,100
2025-08-21 23:30:19,Clouds,28.76,89
2025-08-21 23:44:22,Clouds,28.76,89
2025-08-21 23:57:13,Clouds,28.76,89
2025-08-22 03:31:03,Clouds,32.76,58
2025-08-22 03:58:46,Clouds,32.76,58
2025-08-22 04:43:47,Clouds,32.76,58
2025-08-22 04:56:47,Clouds,32.76,58
2025-08-22 05:39:08,Clouds,32.76,58
2025-08-22 05:52:10,Clouds,32.76,58
2025-08-22 06:53:48,Clouds,32.76,58
2025-08-22 07:30:25,Clouds,32.76,58
2025-08-22 07:43:44,Clouds,32.76,58
2025-08-22 07:56:38,Clouds,32.76,58
2025-08-22 08:49:19,Clouds,30.76,74
2025-08-22 09:36:02,Clouds,29.76,79
2025-08-22 09:49:15,Clouds,29.76,79
2025-08-22 10:41:05,Clouds,28.76,89
2025-08-22 10:53:49,Clouds,28.76,89
2025-08-22 11:27:37,Clouds,28.41,72
2025-08-22 11:42:11,Clouds,27.76,100
2025-08-22 11:54:45,Clouds,27.76,100
2025-08-22 13:36:09,Clouds,26.76,100
2025-08-22 13:51:52,Clouds,26.76,100
2025-08-22 14:39:16,Clouds,26.76,100
2025-08-22 14:51:54,Clouds,26.76,100
2025-08-22 15:32:31,Clouds,26.76,94
2025-08-22 15:46:12,Clouds,26.76,94
2025-08-22 15:59:20,Clouds,26.76,94
2025-08-22 16:48:40,Clouds,25.76,100
2025-08-22 17:33:01,Clouds,25.76,100
2025-08-22 17:46:46,Clouds,25.76,100
2025-08-22 18:00:13,Clouds,25.76,100
2025-08-22 18:52:54,Clouds,26.76,100
2025-08-22 19:25:53,Clouds,25.76,100
2025-08-22 19:40:44,Clouds,25.76,100
2025-08-22 19:53:15,Clouds,25.76,100
2025-08-22 20:38:32,Clouds,25.76,100
2025-08-22 20:51:02,Clouds,25.76,100
2025-08-22 21:32:46,Clouds,25.76,100
2025-08-22 21:43:27,Clouds,25.76,100
2025-08-22 21:55:46,Clouds,25.76,100
2025-08-22 22:37:34,Clouds,26.76,100
2025-08-22 22:50:01,Clouds,26.76,100
2025-08-22 23:29:17,Clouds,28.76,94
2025-08-22 23:43:25,Clouds,28.76,94
2025-08-22 23:56:01,Clouds,28.76,94
2025-08-23 03:53:05,Clouds,31.76,70
2025-08-23 04:41:12,Clouds,30.76,79
2025-08-23 04:52:38,Clouds,30.76,79
2025-08-23 05:34:22,Clouds,29.76,84
2025-08-23 05:46:31,Clouds,29.76,84
2025-08-23 05:59:07,Clouds,29.76,84
2025-08-23 06:50:51,Clouds,30.76,79
2025-08-23 07:27:09,Clear,31.76,74
2025-08-23 07:40:29,Clear,31.76,74
2025-08-23 07:53:40,Clear,31.76,74
2025-08-23 08:44:11,Clouds,31.76,74
2025-08-23 08:57:10,Clouds,31.76,74
2025-08-23 09:33:24,Clouds,30.76,79
2025-08-23 09:43:55,Clouds,30.76,79
2025-08-23 09:56:28,Clouds,30.76,79
2025-08-23 10:39:38,Clouds,28.76,89
2025-08-23 10:50:58,Clouds,28.76,89
2025-08-23 11:24:48,Clear,27.76,94
2025-08-23 11:40:49,Clear,27.76,94
2025-08-23 11:53:49,Clear,27.76,94
2025-08-23 13:15:42,Clear,27.87,88
2025-08-23 13:42:04,Clouds,27.76,100
2025-08-23 13:54:15,Clouds,27.76,100
2025-08-23 14:35:30,Clouds,26.76,100
2025-08-23 14:48:12,Clouds,26.76,100
2025-08-23 15:01:20,Clouds,26.76,100
2025-08-23 15:33:59,Clear,25.76,100
2025-08-23 15:46:06,Clear,25.76,100
2025-08-23 15:58:47,Clear,25.76,100
2025-08-23 16:43:39,Clear,25.76,100
2025-08-23 16:54:46,Clear,25.76,100
2025-08-23 17:31:29,Clear,25.76,100
2025-08-23 17:43:22,Clear,25.76,100
2025-08-23 17:56:12,Clear,25.76,100
2025-08-23 18:48:16,Clouds,25.76,94
2025-08-23 18:58:23,Clouds,25.76,94
2025-08-23 19:24:49,Clear,26.51,88
2025-08-23 19:40:19,Clouds,24.76,100
2025-08-23 19:53:35,Clouds,24.76,100
2025-08-23 20:33:55,Clouds,24.76,100
2025-08-23 20:45:19,Clouds,24.76,100
2025-08-23 20:58:04,Clouds,24.76,100
2025-08-23 21:30:10,Clouds,24.76,100
2025-08-23 21:41:50,Clouds,24.76,100
2025-08-23 21:54:54,Clouds,24.76,100
2025-08-23 22:35:53,Clouds,26.76,100
2025-08-23 22:48:11,Clouds,26.76,100
2025-08-23 23:28:30,Clouds,27.76,100
2025-08-23 23:43:35,Clouds,27.76,100
2025-08-23 23:55:55,Clouds,27.76,100
2025-08-24 03:43:02,Clouds,31.76,66
2025-08-24 04:43:33,Clouds,32.76,62
2025-08-24 04:56:24,Clouds,32.76,62
2025-08-24 05:38:33,Clouds,33.76,59
2025-08-24 05:50:38,Clouds,33.76,59
2025-08-24 06:49:56,Clouds,34.76,46
2025-08-24 07:28:09,Clear,32.85,48
2025-08-24 07:42:04,Clouds,33.76,52
2025-08-24 07:54:40,Clouds,33.76,52
2025-08-24 08:41:19,Clouds,32.76,58
2025-08-24 08:53:31,Clouds,32.76,58
2025-08-24 09:31:43,Clouds,30.76,70
2025-08-24 09:43:53,Clouds,30.76,70
2025-08-24 09:56:32,Clouds,30.76,70
2025-08-24 10:39:40,Clouds,28.76,89
2025-08-24 10:51:35,Clouds,28.76,89
2025-08-24 11:25:39,Clear,27.76,89
2025-08-24 11:40:59,Clear,27.76,89
2025-08-24 11:54:29,Clear,27.76,89
2025-08-24 13:24:39,Clouds,28.44,81
2025-08-24 13:44:58,Clear,26.76,100
2025-08-24 13:57:42,Clear,26.76,100
2025-08-24 14:37:24,Clear,26.76,100
2025-08-24 14:48:34,Clear,26.76,100
2025-08-24 15:01:10,Clear,26.76,100
2025-08-24 15:34:51,Clear,25.76,100
2025-08-24 15:45:37,Clear,25.76,100
2025-08-24 15:58:37,Clear,25.76,100
2025-08-24 16:45:26,Clouds,25.76,100
2025-08-24 16:57:04,Clouds,25.76,100
2025-08-24 17:33:53,Clouds,26.76,100
2025-08-24 17:47:47,Clouds,26.76,100
2025-08-24 17:57:22,Clouds,26.76,100
2025-08-24 18:52:31,Clouds,25.76,100
2025-08-24 19:22:47,Clouds,25.76,100
2025-08-24 19:40:23,Clouds,25.76,100
2025-08-24 19:52:57,Clouds,25.76,100
2025-08-24 20:34:48,Clouds,25.76,100
2025-08-24 20:46:54,Clouds,25.76,100
2025-08-24 20:59:45,Clouds,25.76,100
2025-08-24 21:30:15,Clouds,26.76,100
2025-08-24 21:43:09,Clouds,26.76,100
2025-08-24 21:55:54,Clouds,26.76,100
2025-08-24 22:38:28,Rain,27.76,100
2025-08-24 22:50:10,Rain,27.76,100
2025-08-24 23:29:44,Clouds,25.76,100
2025-08-24 23:47:11,Clouds,24.76,100
2025-08-24 23:57:23,Clouds,24.76,100
2025-08-25 03:40:57,Clouds,30.76,84
2025-08-25 04:45:39,Clouds,32.76,70
2025-08-25 04:58:31,Clouds,32.76,70
2025-08-25 05:43:21,Clouds,32.76,70
2025-08-25 05:56:10,Clouds,32.76,70
2025-08-25 06:57:32,Clouds,31.76,74
2025-08-25 07:34:04,Clouds,31.76,70
2025-08-25 07:47:00,Clouds,31.76,70
2025-08-25 07:59:41,Clouds,31.76,70
2025-08-25 08:55:30,Clouds,30.76,84
2025-08-25 09:40:48,Clouds,30.76,79
2025-08-25 09:52:30,Clouds,30.76,79
2025-08-25 10:43:50,Clouds,29.76,84
2025-08-25 10:56:18,Clouds,29.76,84
2025-08-25 11:30:09,Clouds,28.76,94
2025-08-25 11:44:20,Rain,28.76,94
2025-08-25 11:57:13,Clouds,28.76,94
2025-08-25 13:42:12,Clouds,28.76,94
2025-08-25 13:55:31,Clouds,28.76,94
2025-08-25 14:44:10,Clouds,28.76,100
2025-08-25 14:56:08,Rain,28.76,100
2025-08-25 15:40:59,Thunderstorm,27.76,100
2025-08-25 15:53:14,Thunderstorm,27.76,100
2025-08-25 16:49:56,Rain,27.76,94
2025-08-25 17:32:12,Rain,26.76,100
2025-08-25 17:45:38,Rain,26.76,100
2025-08-25 17:58:18,Rain,26.76,100
2025-08-25 18:54:38,Rain,25.76,100
2025-08-25 19:26:26,Thunderstorm,24.76,100
2025-08-25 19:41:36,Thunderstorm,24.76,100
2025-08-25 19:54:28,Rain,24.76,100
2025-08-25 20:38:17,Rain,24.76,100
2025-08-25 20:51:54,Rain,24.76,100
2025-08-25 21:31:28,Rain,25.76,100
2025-08-25 21:44:46,Rain,25.76,100
2025-08-25 21:57:33,Rain,25.76,100
2025-08-25 22:39:27,Mist,25.76,100
2025-08-25 22:51:57,Mist,25.76,100
2025-08-25 23:31:41,Rain,26.76,100
2025-08-25 23:45:06,Rain,26.76,100
2025-08-25 23:58:04,Rain,26.76,100
2025-08-26 03:32:51,Clouds,29.76,74
2025-08-26 04:00:18,Clouds,29.76,74
2025-08-26 04:45:43,Clouds,30.76,66
2025-08-26 04:58:28,Clouds,30.76,66
2025-08-26 05:40:54,Clouds,30.76,66
2025-08-26 05:53:46,Clouds,30.76,66
2025-08-26 06:55:41,Clouds,31.76,62
2025-08-26 07:33:01,Clouds,30.76,70
2025-08-26 07:46:03,Clouds,30.76,70
2025-08-26 07:58:59,Clouds,30.76,70
2025-08-26 08:53:37,Clouds,29.76,74
2025-08-26 09:39:57,Clouds,28.76,79
2025-08-26 09:52:42,Clouds,28.76,79
2025-08-26 10:43:43,Clouds,27.76,94
2025-08-26 10:56:30,Clouds,27.76,94
2025-08-26 11:30:34,Clear,26.76,89
2025-08-26 11:44:19,Clear,26.76,89
2025-08-26 11:57:02,Clear,26.76,89
2025-08-26 13:44:31,Clouds,24.76,100
2025-08-26 13:56:34,Clouds,24.76,100
2025-08-26 14:40:56,Clouds,24.76,100
2025-08-26 14:53:54,Clouds,24.76,100
2025-08-26 15:37:29,Clouds,24.76,94
2025-08-26 15:51:02,Clouds,24.76,94
2025-08-26 16:45:38,Clouds,23.76,100
2025-08-26 16:58:56,Clouds,23.76,100
2025-08-26 17:36:13,Clear,22.76,100
2025-08-26 17:49:15,Clear,22.76,100
2025-08-26 18:48:05,Clear,22.76,100
2025-08-26 19:23:07,Clear,22.76,100
2025-08-26 19:40:56,Clear,22.76,100
2025-08-26 19:54:12,Clear,22.76,100
2025-08-26 20:35:13,Clear,21.76,100
2025-08-26 20:48:32,Clear,21.76,100
2025-08-26 21:27:30,Clear,21.76,100
2025-08-26 21:41:35,Clear,21.76,100
2025-08-26 21:54:31,Clear,21.76,100
2025-08-26 22:36:32,Clear,23.76,100
2025-08-26 22:49:24,Clear,23.76,100
2025-08-26 23:27:19,Clouds,25.76,94
2025-08-26 23:41:55,Clouds,25.76,94
2025-08-26 23:54:54,Clouds,25.76,94
2025-08-27 03:13:43,Clouds,29.76,66
2025-08-27 03:52:28,Clouds,30.76,55
2025-08-27 04:41:16,Clouds,31.76,55
2025-08-27 04:53:30,Clouds,31.76,55
2025-08-27 05:36:54,Clear,31.76,51
2025-08-27 05:49:42,Clear,31.76,51
2025-08-27 06:49:00,Clear,31.76,51
2025-08-27 07:28:40,Clouds,32.25,46
2025-08-27 07:42:33,Clear,30.76,58
2025-08-27 07:55:15,Clear,30.76,58
2025-08-27 08:47:42,Clear,28.76,65
2025-08-27 09:33:39,Clouds,27.76,65
2025-08-27 09:46:45,Clouds,27.76,65
2025-08-27 09:59:37,Clouds,27.76,65
2025-08-27 10:40:43,Clear,25.76,78
2025-08-27 10:53:24,Clear,25.76,78
2025-08-27 11:26:41,Clouds,28.05,74
2025-08-27 11:41:03,Clear,25.76,83
2025-08-27 11:53:42,Clear,25.76,83
2025-08-27 13:35:00,Clear,24.76,94
2025-08-27 13:51:35,Clear,24.76,94
2025-08-27 14:39:04,Clear,24.76,100
2025-08-27 14:52:15,Clear,24.76,100
2025-08-27 15:35:35,Clear,24.76,100
2025-08-27 15:49:19,Clear,24.76,100
2025-08-27 16:45:03,Clear,24.76,100
2025-08-27 16:57:51,Clear,24.76,100
2025-08-27 17:34:13,Clear,24.76,100
2025-08-27 17:47:08,Clear,24.76,100
2025-08-27 17:59:53,Clear,24.76,100
2025-08-27 18:48:10,Clear,24.76,94
2025-08-27 19:24:24,Clear,24.76,94
2025-08-27 19:40:22,Clear,24.76,94
2025-08-27 19:53:40,Clear,24.76,94
2025-08-27 20:36:14,Clear,24.76,94
2025-08-27 20:50:20,Clear,24.76,94
2025-08-27 21:28:36,Clear,24.76,94
2025-08-27 21:41:54,Clear,24.76,94
2025-08-27 21:54:58,Clear,24.76,94
2025-08-27 22:35:30,Clear,24.76,100
2025-08-27 22:48:54,Clear,24.76,100
2025-08-27 23:27:02,Clouds,25.47,90
2025-08-27 23:41:25,Clear,25.76,89
2025-08-27 23:53:56,Clear,25.76,89
2025-08-28 03:13:53,Clouds,30.02,60
2025-08-28 03:52:33,Clouds,30.76,62
2025-08-28 04:40:32,Clouds,30.76,62
2025-08-28 04:53:38,Clouds,30.76,62
2025-08-28 05:37:20,Clouds,29.76,70
2025-08-28 05:50:07,Clouds,29.76,70
2025-08-28 06:51:22,Clouds,30.76,70
2025-08-28 07:30:43,Clouds,29.76,74
2025-08-28 07:44:00,Clouds,29.76,74
2025-08-28 07:56:36,Clouds,29.76,74
2025-08-28 08:48:28,Clouds,30.76,70
2025-08-28 09:33:07,Clouds,29.76,79
2025-08-28 09:46:45,Clouds,29.76,79
2025-08-28 09:59:21,Clouds,29.76,79
2025-08-28 10:41:52,Clouds,28.76,84
2025-08-28 10:54:39,Clouds,28.76,84
2025-08-28 11:27:03,Clouds,28.76,84
2025-08-28 11:41:54,Clouds,28.76,84
2025-08-28 11:54:48,Clouds,28.76,84
2025-08-28 13:36:59,Clouds,27.76,100
2025-08-28 13:52:04,Clouds,27.76,100
2025-08-28 14:40:48,Clouds,27.76,100
2025-08-28 14:54:07,Clouds,27.76,100
2025-08-28 15:35:57,Clouds,27.76,100
2025-08-28 15:50:28,Clouds,27.76,100
2025-08-28 16:44:50,Clouds,27.76,100
2025-08-28 16:57:54,Clouds,27.76,100
2025-08-28 17:34:33,Clouds,27.76,100
2025-08-28 17:47:04,Clouds,27.76,100
2025-08-28 18:00:12,Clouds,27.76,100
2025-08-28 18:51:32,Clouds,26.76,100
2025-08-28 19:23:52,Clouds,25.99,92
2025-08-28 19:40:19,Clouds,26.76,100
2025-08-28 19:53:14,Clouds,26.76,100
2025-08-28 20:34:12,Clouds,26.76,100
2025-08-28 20:47:42,Clouds,26.76,100
2025-08-28 21:27:38,Rain,26.76,100
2025-08-28 21:40:58,Rain,26.76,100
2025-08-28 21:53:52,Rain,26.76,100
2025-08-28 22:33:50,Clouds,27.76,100
2025-08-28 22:46:50,Clouds,27.76,100
2025-08-28 22:59:35,Clouds,27.76,100
2025-08-28 23:29:54,Clouds,28.76,100
2025-08-28 23:42:48,Clouds,28.76,100
2025-08-28 23:55:22,Clouds,28.76,100
2025-08-29 03:13:14,Clouds,30.76,79
2025-08-29 03:52:16,Clouds,30.76,74
2025-08-29 04:40:34,Clouds,31.76,74
2025-08-29 04:53:28,Clouds,31.76,74
2025-08-29 05:35:26,Clouds,30.76,79
2025-08-29 05:48:17,Clouds,30.76,79
2025-08-29 06:48:31,Clouds,31.76,74
2025-08-29 07:29:25,Clouds,25.76,100
2025-08-29 07:42:46,Clouds,25.76,100
2025-08-29 07:55:36,Clouds,25.76,100
2025-08-29 08:46:55,Clouds,28.76,100
2025-08-29 08:59:30,Rain,28.76,100
2025-08-29 09:36:47,Clouds,28.76,100
2025-08-29 09:49:48,Clouds,28.76,100
2025-08-29 10:13:00,Clouds,28.76,100
2025-08-29 10:37:25,Clouds,28.76,100
2025-08-29 10:50:06,Clouds,28.76,100
2025-08-29 11:10:52,Clouds,28.76,100
2025-08-29 11:27:32,Clouds,27.76,100
2025-08-29 11:41:31,Clouds,27.76,100
2025-08-29 11:54:21,Clouds,27.76,100
2025-08-29 12:46:07,Clouds,26.76,100
2025-08-29 13:17:51,Clouds,26.76,100
2025-08-29 13:40:44,Rain,26.76,100
2025-08-29 13:53:27,Rain,26.76,100
2025-08-29 14:19:01,Rain,26.76,100
2025-08-29 14:39:12,Clouds,26.76,100
2025-08-29 14:51:47,Clouds,26.76,100
2025-08-29 15:14:48,Clouds,26.76,100
2025-08-29 15:32:09,Mist,26.76,100
2025-08-29 15:45:17,Mist,26.76,100
2025-08-29 15:58:15,Mist,26.76,100
2025-08-29 16:32:46,Rain,27.76,100
2025-08-29 16:50:44,Mist,27.76,100
2025-08-29 17:12:45,Thunderstorm,27.76,100
2025-08-29 17:31:39,Thunderstorm,26.76,100
2025-08-29 17:44:28,Mist,26.76,100
2025-08-29 17:57:19,Thunderstorm,26.76,100
2025-08-29 18:33:19,Rain,26.76,100
2025-08-29 18:50:11,Thunderstorm,26.76,100
2025-08-29 19:10:01,Thunderstorm,25.78,100
2025-08-29 19:25:01,Thunderstorm,26.76,100
2025-08-29 19:39:20,Mist,26.76,100
2025-08-29 19:52:20,Mist,26.76,100
2025-08-29 20:18:37,Clouds,26.76,100
2025-08-29 20:36:30,Clouds,26.76,100
2025-08-29 20:49:38,Rain,26.76,100
2025-08-29 21:10:46,Rain,26.76,100
2025-08-29 21:28:19,Clouds,26.76,94
2025-08-29 21:41:23,Rain,26.76,94
2025-08-29 21:54:06,Rain,26.76,94
2025-08-29 22:19:46,Rain,26.76,94
2025-08-29 22:36:59,Mist,26.76,100
2025-08-29 22:49:59,Thunderstorm,26.76,100
2025-08-29 23:12:02,Thunderstorm,24.78,100
2025-08-29 23:29:27,Thunderstorm,26.76,100
2025-08-29 23:42:30,Thunderstorm,26.76,100
2025-08-29 23:55:32,Mist,26.76,100
2025-08-30 01:52:58,Clouds,28.76,94
2025-08-30 02:55:57,Clouds,29.76,89
2025-08-30 03:32:43,Clouds,31.76,74
2025-08-30 03:49:37,Clouds,31.76,74
2025-08-30 04:13:53,Clouds,32.15,76
2025-08-30 04:35:43,Clouds,31.76,62
2025-08-30 04:48:43,Clouds,31.76,62
2025-08-30 05:09:37,Clouds,33.13,49
2025-08-30 05:30:50,Clouds,30.76,74
2025-08-30 05:43:40,Clouds,30.76,74
2025-08-30 05:56:20,Clouds,30.76,74
2025-08-30 06:33:35,Clouds,31.76,70
2025-08-30 06:49:26,Clouds,31.76,70
2025-08-30 07:09:46,Clouds,31.76,70
2025-08-30 07:26:57,Clouds,31.76,70
2025-08-30 07:39:59,Clouds,31.76,70
2025-08-30 07:52:59,Clouds,31.76,70
2025-08-30 08:22:29,Clouds,31.76,66
2025-08-30 08:41:49,Clouds,31.76,66
2025-08-30 08:54:41,Clouds,31.76,66
2025-08-30 09:21:03,Clouds,30.76,66
2025-08-30 09:35:46,Clouds,30.76,66
2025-08-30 09:48:35,Clouds,30.76,66
2025-08-30 10:08:55,Clear,28.94,63
2025-08-30 10:31:53,Clouds,27.76,94
2025-08-30 10:44:53,Clouds,27.76,94
2025-08-30 10:57:41,Clouds,27.76,94
2025-08-30 11:19:11,Clear,27.76,94
2025-08-30 11:32:57,Clear,27.76,94
2025-08-30 11:46:02,Clear,27.76,94
2025-08-30 11:58:54,Clear,27.76,94
2025-08-30 12:48:58,Clear,26.76,100
2025-08-30 13:16:15,Clear,27.17,89
2025-08-30 13:34:27,Clear,25.76,100
2025-08-30 13:47:23,Clear,25.76,100
2025-08-30 14:00:27,Clear,25.76,100
2025-08-30 14:24:52,Clear,25.76,100
2025-08-30 14:39:39,Clear,25.76,100
2025-08-30 14:52:44,Clear,25.76,100
2025-08-30 15:16:28,Clear,27.04,91
2025-08-30 15:31:17,Clear,25.76,100
2025-08-30 15:44:24,Clear,25.76,100
2025-08-30 15:57:25,Clear,25.76,100
2025-08-30 16:29:08,Clear,24.76,100
2025-08-30 16:45:56,Clear,24.76,100
2025-08-30 16:58:53,Clear,24.76,100
2025-08-30 17:22:06,Clear,26.5,89
2025-08-30 17:36:20,Clear,24.76,100
2025-08-30 17:49:29,Clear,24.76,100
2025-08-30 18:14:13,Clear,23.76,100
2025-08-30 18:40:03,Clear,23.76,100
2025-08-30 18:53:04,Clear,23.76,100
2025-08-30 19:14:12,Clear,23.76,100
2025-08-30 19:27:16,Clear,23.76,100
2025-08-30 19:40:23,Clear,23.76,100
2025-08-30 19:53:34,Clear,23.76,100
2025-08-30 20:20:20,Clear,23.76,100
2025-08-30 20:36:09,Clear,23.76,100
2025-08-30 20:48:57,Clear,23.76,100
2025-08-30 21:08:46,Clear,23.76,100
2025-08-30 21:26:40,Clear,23.76,100
2025-08-30 21:39:57,Clear,23.76,100
2025-08-30 21:52:36,Clear,23.76,100
2025-08-30 22:15:53,Clouds,25.69,94
2025-08-30 22:34:02,Clear,25.76,100
2025-08-30 22:47:07,Clear,25.76,100
2025-08-30 22:59:39,Clear,25.76,100
2025-08-30 23:23:27,Clouds,26.83,89
2025-08-30 23:37:35,Clouds,27.76,94
2025-08-30 23:50:34,Clouds,27.76,94
2025-08-31 01:10:51,Clear,29.76,84
2025-08-31 02:45:47,Clouds,29.76,79
2025-08-31 03:29:55,Clouds,28.76,79
2025-08-31 03:52:49,Clouds,28.76,79
2025-08-31 04:22:03,Clouds,30.93,62
2025-08-31 04:41:29,Clouds,31.76,70
2025-08-31 04:54:10,Clouds,31.76,70
2025-08-31 05:19:54,Clouds,30.76,70
2025-08-31 05:36:58,Clouds,30.76,70
2025-08-31 05:49:57,Clouds,30.76,70
2025-08-31 06:17:32,Clouds,32.8,56
2025-08-31 06:42:43,Clouds,31.76,66
2025-08-31 06:55:27,Clouds,31.76,66
2025-08-31 07:21:42,Rain,31.76,66
2025-08-31 07:35:44,Thunderstorm,31.76,66
2025-08-31 07:48:48,Thunderstorm,31.76,66
2025-08-31 08:12:43,Clouds,29.76,79
2025-08-31 08:35:04,Clouds,29.76,79
2025-08-31 08:48:48,Clouds,29.76,79
2025-08-31 09:09:05,Clouds,29.25,70
2025-08-31 09:27:58,Clouds,29.76,70
2025-08-31 09:41:02,Clouds,29.76,70
2025-08-31 09:53:50,Clouds,29.76,70
2025-08-31 10:19:27,Clouds,27.7,72
2025-08-31 10:37:00,Clouds,28.76,84
2025-08-31 10:50:01,Clouds,28.76,84
2025-08-31 11:09:38,Clouds,28.76,84
2025-08-31 11:25:18,Clouds,27.76,94
2025-08-31 11:39:29,Clouds,27.76,94
2025-08-31 11:52:28,Clouds,27.76,94
2025-08-31 12:34:21,Clouds,27.76,89
2025-08-31 13:03:22,Clouds,27.76,89
2025-08-31 13:30:25,Clouds,27.76,89
2025-08-31 13:43:23,Clouds,27.76,89
2025-08-31 13:56:07,Clouds,27.76,89
2025-08-31 14:21:47,Clouds,26.04,85
2025-08-31 14:37:54,Clouds,26.76,100
2025-08-31 14:50:55,Clouds,26.76,100
2025-08-31 15:13:00,Clouds,26.76,100
2025-08-31 15:30:38,Clouds,26.76,94
2025-08-31 15:43:47,Clouds,26.76,94
2025-08-31 15:56:29,Clouds,26.76,94
2025-08-31 16:29:25,Clouds,25.76,100
2025-08-31 16:46:47,Clouds,25.76,100
2025-08-31 16:59:31,Clouds,25.76,100
2025-08-31 17:23:16,Clouds,25.76,100
2025-08-31 17:38:31,Clouds,25.76,100
2025-08-31 17:51:33,Clouds,25.76,100
2025-08-31 18:20:43,Clouds,26.76,100
2025-08-31 18:43:28,Rain,26.76,100
2025-08-31 18:56:30,Rain,26.76,100
2025-08-31 19:18:53,Rain,24.76,100
2025-08-31 19:32:31,Rain,24.76,100
2025-08-31 19:45:23,Rain,24.76,100
2025-08-31 19:58:05,Rain,23.76,100
2025-08-31 20:26:58,Rain,24.76,100
2025-08-31 20:42:34,Rain,24.76,100
2025-08-31 20:55:23,Rain,24.76,100
2025-08-31 21:21:05,Rain,24.76,100
2025-08-31 21:35:14,Rain,24.76,100
2025-08-31 21:48:21,Clouds,24.76,100
2025-08-31 22:08:13,Clouds,24.76,100
2025-08-31 22:30:53,Rain,24.76,100
2025-08-31 22:44:10,Rain,24.76,100
2025-08-31 22:56:57,Mist,24.76,100
2025-08-31 23:23:13,Rain,24.45,97
2025-08-31 23:37:50,Rain,24.76,100
2025-08-31 23:50:56,Rain,24.76,100
2025-09-01 01:21:12,Clouds,26.76,100
2025-09-01 03:07:00,Clouds,27.76,94
2025-09-01 03:58:19,Clouds,29.76,84
2025-09-01 04:36:16,Clouds,28.76,89
2025-09-01 04:53:16,Clouds,28.76,89
2025-09-01 05:21:03,Clouds,28.11,87
2025-09-01 05:40:59,Rain,28.76,89
2025-09-01 05:53:44,Clouds,28.76,89
2025-09-01 06:34:46,Rain,28.76,89
2025-09-01 06:56:57,Rain,28.76,89
2025-09-01 07:26:54,Clouds,26.76,100
2025-09-01 07:42:49,Clouds,26.76,100
2025-09-01 07:55:57,Clouds,26.76,100
2025-09-01 08:36:04,Clouds,28.76,94
2025-09-01 08:54:49,Clouds,28.76,94
2025-09-01 09:28:19,Clouds,25.76,100
2025-09-01 09:45:49,Clouds,25.76,100
2025-09-01 09:58:51,Clouds,25.76,100
2025-09-01 10:31:46,Clouds,25.76,100
2025-09-01 10:49:04,Rain,25.76,100
2025-09-01 11:09:23,Rain,25.76,100
2025-09-01 11:27:39,Rain,24.76,100
2025-09-01 11:41:56,Clouds,24.76,100
2025-09-01 11:54:32,Clouds,24.76,100
2025-09-01 12:50:14,Clouds,24.76,100
2025-09-01 13:23:56,Clear,23.76,100
2025-09-01 13:45:26,Clear,23.76,100
2025-09-01 13:58:04,Clear,23.76,100
2025-09-01 14:27:04,Clouds,24.28,95
2025-09-01 14:45:14,Clouds,23.76,100
2025-09-01 14:58:25,Clouds,23.76,100
2025-09-01 15:26:43,Clouds,26.08,94
2025-09-01 15:42:23,Clouds,22.76,100
2025-09-01 15:55:07,Clouds,22.76,100
2025-09-01 16:29:01,Clear,22.76,100
2025-09-01 16:47:54,Clear,22.76,100
2025-09-01 17:07:11,Clear,22.76,100
2025-09-01 17:28:22,Clear,21.76,100
2025-09-01 17:41:39,Clear,21.76,100
2025-09-01 17:54:43,Clear,21.76,100
2025-09-01 18:31:54,Clear,21.76,100
2025-09-01 18:49:58,Clear,21.76,100
2025-09-01 19:09:52,Clear,21.76,100
2025-09-01 19:25:29,Clear,21.76,100
2025-09-01 19:39:55,Clear,21.76,100
2025-09-01 19:53:06,Clear,21.76,100
2025-09-01 20:20:09,Clear,20.76,100
2025-09-01 20:36:40,Clear,20.76,100
2025-09-01 20:49:42,Clear,20.76,100
2025-09-01 21:10:31,Clear,20.76,100
2025-09-01 21:28:10,Clouds,20.76,100
2025-09-01 21:41:08,Clouds,20.76,100
2025-09-01 21:53:57,Clouds,20.76,100
2025-09-01 22:19:27,Clouds,22.72,97
2025-09-01 22:37:08,Clouds,20.76,100
2025-09-01 22:49:46,Clouds,20.76,100
2025-09-01 23:11:08,Clouds,20.76,100
2025-09-01 23:29:09,Clouds,23.76,94
2025-09-01 23:42:21,Clouds,23.76,94
2025-09-01 23:55:22,Clouds,23.76,94
2025-09-02 01:59:15,Clouds,26.76,74
2025-09-02 03:11:43,Clouds,27.18,68
2025-09-02 03:46:59,Clouds,28.76,65
2025-09-02 03:59:54,Clouds,28.76,65
2025-09-02 04:32:49,Clouds,29.76,62
2025-09-02 04:49:25,Clouds,29.76,62
2025-09-02 05:12:31,Clouds,29.76,62
2025-09-02 05:35:45,Clouds,29.76,62
2025-09-02 05:48:51,Clouds,29.76,62
2025-09-02 06:16:53,Clouds,28.71,46
2025-09-02 06:47:09,Clouds,29.76,58
2025-09-02 06:59:51,Clouds,29.76,58
2025-09-02 07:27:05,Clear,29.76,62
2025-09-02 07:42:56,Clear,29.76,62
2025-09-02 07:55:57,Clear,29.76,62
2025-09-02 08:34:12,Clear,28.76,65
2025-09-02 08:53:54,Clear,28.76,65
2025-09-02 09:23:58,Clouds,29.64,63
2025-09-02 09:41:59,Clear,28.76,65
2025-09-02 09:55:06,Clear,28.76,65
2025-09-02 10:26:24,Clear,25.76,83
2025-09-02 10:44:51,Clear,25.76,83
2025-09-02 10:57:36,Clear,25.76,83
2025-09-02 11:22:17,Clouds,26.7,79
2025-09-02 11:36:59,Clear,24.76,94
2025-09-02 11:50:01,Clear,24.76,94
2025-09-02 12:26:59,Clear,24.76,100
2025-09-02 13:07:58,Clear,24.76,100
2025-09-02 13:40:57,Clear,23.76,100
2025-09-02 13:54:32,Clear,23.76,100
2025-09-02 14:23:43,Clear,22.76,100
2025-09-02 14:44:24,Clear,22.76,100
2025-09-02 14:57:06,Clear,22.76,100
2025-09-02 15:28:57,Clear,22.76,100
2025-09-02 15:45:34,Clear,22.76,100
2025-09-02 15:58:36,Clear,22.76,100
2025-09-02 16:34:02,Clear,22.76,100
2025-09-02 16:51:06,Clear,22.76,100
2025-09-02 17:12:52,Clear,22.76,100
2025-09-02 17:31:32,Clear,22.76,100
2025-09-02 17:44:42,Clear,22.76,100
2025-09-02 17:57:36,Clear,22.76,100
2025-09-02 18:34:32,Clear,21.76,100
2025-09-02 18:50:48,Clear,21.76,100
2025-09-02 19:11:06,Clear,21.76,100
2025-09-02 19:25:11,Clear,21.76,100
2025-09-02 19:39:23,Clear,21.76,100
2025-09-02 19:52:29,Clear,21.76,100
2025-09-02 20:18:49,Clouds,22.72,96
2025-09-02 20:33:13,Clear,21.76,100
2025-09-02 20:46:28,Clear,21.76,100
2025-09-02 20:59:04,Clear,21.76,100
2025-09-02 21:22:26,Clear,21.76,100
2025-09-02 21:36:17,Mist,21.76,100
2025-09-02 21:49:32,Mist,21.76,100
2025-09-02 22:10:01,Mist,21.76,100
2025-09-02 22:30:19,Mist,22.76,100
2025-09-02 22:43:21,Mist,22.76,100
2025-09-02 22:56:25,Mist,22.76,100
2025-09-02 23:21:15,Clear,25.76,89
2025-09-02 23:35:42,Clear,25.76,89
2025-09-02 23:48:46,Clear,25.76,89
2025-09-03 00:45:59,Clear,27.76,74
2025-09-03 02:11:04,Clear,27.76,69
2025-09-03 03:04:08,Clear,29.76,54
2025-09-03 03:36:17,Clear,30.76,51
2025-09-03 03:50:44,Clear,30.76,51
2025-09-03 04:17:21,Clouds,31.04,47
2025-09-03 04:38:34,Clear,30.76,48
2025-09-03 04:51:50,Clear,30.76,48
2025-09-03 05:15:25,Clear,30.76,48
2025-09-03 05:34:32,Clear,30.76,48
2025-09-03 05:47:12,Clear,30.76,48
2025-09-03 05:59:55,Clear,30.76,48
2025-09-03 06:36:50,Clear,32.76,43
2025-09-03 06:52:17,Clear,32.76,43
2025-09-03 07:17:01,Clear,32.76,40
2025-09-03 07:31:17,Clear,32.76,40
2025-09-03 07:44:31,Clear,32.76,40
2025-09-03 07:57:15,Clear,32.76,40
2025-09-03 08:33:14,Clear,31.76,45
2025-09-03 08:51:39,Clear,31.76,45
2025-09-03 09:17:23,Clouds,29.19,63
2025-09-03 09:35:08,Clear,29.76,54
2025-09-03 09:48:10,Clear,29.76,54
2025-09-03 10:09:23,Clear,29.76,54
2025-09-03 10:33:53,Clear,27.76,78
2025-09-03 10:47:05,Clear,27.76,78
2025-09-03 10:59:57,Clear,27.76,78
2025-09-03 11:22:13,Clear,26.76,83
2025-09-03 11:36:59,Clear,26.76,83
2025-09-03 11:49:47,Clear,26.76,83
2025-09-03 12:24:29,Clouds,26.72,72
2025-09-03 13:04:08,Clear,26.76,78
2025-09-03 13:35:03,Clear,26.76,89
2025-09-03 13:48:59,Clear,26.76,89
2025-09-03 14:11:23,Clouds,25.3,83
2025-09-03 14:34:49,Clear,26.76,94
2025-09-03 14:48:36,Clear,26.76,94
2025-09-03 15:10:12,Clear,26.76,94
2025-09-03 15:32:17,Clear,25.76,100
2025-09-03 15:45:32,Clear,25.76,100
2025-09-03 15:58:12,Clear,25.76,100
2025-09-03 16:32:39,Clouds,24.76,100
2025-09-03 16:50:07,Clouds,23.76,100
2025-09-03 17:11:34,Clouds,22.76,100
2025-09-03 17:31:33,Clouds,22.76,100
2025-09-03 17:44:21,Rain,22.76,100
2025-09-03 17:57:21,Rain,22.76,100
2025-09-03 18:34:56,Rain,22.76,100
2025-09-03 18:50:04,Rain,22.76,100
2025-09-03 19:10:31,Rain,22.76,100
2025-09-03 19:26:17,Rain,22.76,100
2025-09-03 19:39:58,Rain,22.76,100
2025-09-03 19:53:08,Rain,22.76,100
2025-09-03 20:20:37,Rain,22,96
2025-09-03 20:37:47,Rain,22.76,100
2025-09-03 20:50:58,Rain,22.76,100
2025-09-03 21:13:03,Rain,22.76,100
2025-09-03 21:29:22,Rain,21.76,100
2025-09-03 21:42:10,Rain,21.76,100
2025-09-03 21:55:08,Rain,21.76,100
2025-09-03 22:21:16,Rain,21.76,100
2025-09-03 22:37:08,Rain,21.76,100
2025-09-03 22:50:12,Rain,21.76,100
2025-09-03 23:11:48,Rain,21.76,100
2025-09-03 23:28:19,Rain,23.76,100
2025-09-03 23:41:27,Rain,23.76,100
2025-09-03 23:54:24,Rain,23.76,100
2025-09-04 01:43:32,Rain,23.76,100
2025-09-04 02:46:12,Clouds,24.76,100
2025-09-04 03:19:37,Clouds,25.78,83
2025-09-04 03:43:42,Clouds,26.76,83
2025-09-04 03:56:47,Clouds,26.76,83
2025-09-04 04:29:23,Clouds,27.76,83
2025-09-04 04:45:05,Clouds,27.76,83
2025-09-04 04:58:00,Clouds,27.76,83
2025-09-04 05:25:23,Clouds,28.76,74
2025-09-04 05:41:23,Clouds,28.76,74
2025-09-04 05:54:31,Clouds,28.76,74
2025-09-04 06:33:23,Clouds,28.76,70
2025-09-04 06:52:01,Clouds,28.76,70
2025-09-04 07:16:28,Clear,28.48,69
2025-09-04 07:30:42,Clouds,30.76,66
2025-09-04 07:43:29,Clouds,30.76,66
2025-09-04 07:56:24,Clouds,30.76,66
2025-09-04 08:32:25,Clouds,28.76,74
2025-09-04 08:51:04,Clouds,28.76,74
2025-09-04 09:15:59,Clouds,28.76,74
2025-09-04 09:34:11,Clear,28.76,74
2025-09-04 09:47:27,Clear,28.76,74
2025-09-04 10:00:31,Clear,28.76,74
2025-09-04 10:30:01,Clear,27.76,78
2025-09-04 10:45:12,Clear,27.76,78
2025-09-04 10:57:52,Clear,27.76,78
2025-09-04 11:21:06,Clear,25.76,94
2025-09-04 11:35:55,Clear,25.76,94
2025-09-04 11:49:11,Clear,25.76,94
2025-09-04 12:21:58,Clear,25.76,94
2025-09-04 13:00:20,Clear,25.76,94
2025-09-04 13:33:33,Clear,24.76,100
2025-09-04 13:48:09,Clear,24.76,100
2025-09-04 14:08:51,Clear,25.13,90
2025-09-04 14:33:28,Clear,25.76,83
2025-09-04 14:47:33,Clear,25.76,83
2025-09-04 15:00:50,Clear,25.76,83
2025-09-04 15:28:24,Clear,25.33,90
2025-09-04 15:45:09,Clear,25.76,83
2025-09-04 15:57:53,Clear,25.76,83
2025-09-04 16:33:02,Clear,23.76,100
2025-09-04 16:51:13,Clear,23.76,100
2025-09-04 17:13:09,Clear,24.42,91
2025-09-04 17:31:28,Clear,23.76,100
2025-09-04 17:44:15,Clear,23.76,100
2025-09-04 17:57:03,Clear,23.76,100
2025-09-04 18:35:15,Clear,24.76,78
2025-09-04 18:51:56,Clear,24.76,78
2025-09-04 19:13:13,Clear,23.17,87
2025-09-04 19:26:32,Clear,23.17,87
2025-09-04 19:40:05,Clear,23.76,94
2025-09-04 19:53:22,Clear,23.76,94
2025-09-04 20:21:22,Clear,22.76,100
2025-09-04 20:37:55,Clear,22.76,100
2025-09-04 20:50:36,Clear,22.76,100
2025-09-04 21:12:37,Clear,22.51,94
2025-09-04 21:29:35,Clear,22.76,100
2025-09-04 21:42:56,Clear,22.76,100
2025-09-04 21:55:32,Clear,22.76,100
2025-09-04 22:23:08,Clear,22.88,90
2025-09-04 22:39:31,Clear,24.76,78
2025-09-04 22:52:50,Clear,24.76,78
2025-09-04 23:16:32,Clear,24.61,85
2025-09-04 23:30:11,Clear,25.76,73
2025-09-04 23:43:04,Clear,25.76,73
2025-09-04 23:56:10,Clear,25.76,73
2025-09-05 01:56:39,Clear,28.76,61
2025-09-05 03:03:23,Clear,29.76,58
2025-09-05 03:37:40,Clouds,30.76,58
2025-09-05 03:52:25,Clouds,30.76,58
2025-09-05 04:21:02,Clouds,32.76,52
2025-09-05 04:40:48,Clouds,32.76,52
2025-09-05 04:54:02,Clouds,32.76,52
2025-09-05 05:20:06,Clouds,31.76,55
2025-09-05 05:37:33,Clouds,31.76,55
2025-09-05 05:50:41,Clouds,31.76,55
2025-09-05 06:21:18,Clouds,32.76,55
2025-09-05 06:47:01,Clouds,32.76,55
2025-09-05 06:59:31,Clouds,32.76,55
2025-09-05 07:24:57,Clouds,30.76,66
2025-09-05 07:39:16,Clouds,30.76,66
2025-09-05 07:52:33,Clouds,30.76,66
2025-09-05 08:23:39,Clouds,29.76,70
2025-09-05 08:45:41,Clouds,29.76,70
2025-09-05 08:58:41,Clouds,29.76,70
2025-09-05 09:27:16,Clouds,28.76,79
2025-09-05 09:42:40,Clouds,28.76,79
2025-09-05 09:55:15,Clouds,28.76,79
2025-09-05 10:25:58,Clear,27.76,83
2025-09-05 10:43:40,Clear,27.76,83
2025-09-05 10:56:38,Clear,27.76,83
2025-09-05 11:20:16,Clouds,28,79
2025-09-05 11:35:21,Clear,27.76,89
2025-09-05 11:48:38,Clear,27.76,89
2025-09-05 12:18:47,Clear,27.76,83
2025-09-05 12:59:44,Clear,27.76,83
2025-09-05 13:33:03,Clear,27.76,83
2025-09-05 13:47:17,Clear,27.76,83
2025-09-05 14:00:22,Clear,27.76,83
2025-09-05 14:27:43,Clear,25.76,100
